tipo_bizantino,behavior_id,clientes_bizantinos,clientes_aceitos,clientes_rejeitados,acuracia_com_deteccao,acuracia_sem_deteccao
ruido em todas as features,1,1,4,1,0.8972222208976746,0.8916666507720947
ruido em todas as features,1,2,3,2,0.9055555462837219,0.8999999761581421
ruido em todas as features,1,3,2,3,0.8972222208976746,0.8972222208976746
ruido em uma feature,2,1,5,0,0.8999999761581421,0.8999999761581421
ruido em uma feature,2,2,5,0,0.8999999761581421,0.8999999761581421
ruido em uma feature,2,3,5,0,0.9027777910232544,0.9027777910232544
rotulos invertidos,3,1,4,1,0.8972222208976746,0.8972222208976746
rotulos invertidos,3,2,3,2,0.9055555462837219,0.6944444179534912
rotulos invertidos,3,3,2,3,0.8972222208976746,0.25555557012557983
